date,cohort,action,symbol
2026-01-07,sp500,add,ZTS
2026-01-07,sp500,add,VST
2026-01-07,sp500,add,LYV
2026-01-07,sp500,add,HST
2026-01-07,sp500,add,EMR
2026-01-07,sp500,add,MAS
2026-01-07,sp500,add,EXR
2026-01-07,sp500,add,NDSN
2026-01-07,sp500,add,NCLH
2026-01-07,sp500,add,JNJ
2026-01-07,sp500,add,SBUX
2026-01-07,sp500,add,TTWO
2026-01-07,sp500,add,DE
2026-01-07,sp500,add,CMG
2026-01-07,sp500,add,ROP
2026-01-07,sp500,add,GL
2026-01-07,sp500,add,HII
2026-01-07,sp500,add,SPG
2026-01-07,sp500,add,KMB
2026-01-07,sp500,add,EVRG
2026-01-07,sp500,add,INVH
2026-01-07,sp500,add,LLY
2026-01-07,sp500,add,SOLV
2026-01-07,sp500,add,TMUS
2026-01-07,sp500,add,FITB
2026-01-07,sp500,add,AMAT
2026-01-07,sp500,add,ABBV
2026-01-07,sp500,add,LRCX
2026-01-07,sp500,add,DLR
2026-01-07,sp500,add,MPC
2026-01-07,sp500,add,HSIC
2026-01-07,sp500,add,NTRS
2026-01-07,sp500,add,EFX
2026-01-07,sp500,add,CB
2026-01-07,sp500,add,MOH
2026-01-07,sp500,add,NEM
2026-01-07,sp500,add,PM
2026-01-07,sp500,add,L
2026-01-07,sp500,add,CVNA
2026-01-07,sp500,add,NI
2026-01-07,sp500,add,LOW
2026-01-07,sp500,add,NVR
2026-01-07,sp500,add,TECH
2026-01-07,sp500,add,GD
2026-01-07,sp500,add,ITW
2026-01-07,sp500,add,WSM
2026-01-07,sp500,add,STLD
2026-01-07,sp500,add,MCO
2026-01-07,sp500,add,INTC
2026-01-07,sp500,add,LNT
2026-01-07,sp500,add,JCI
2026-01-07,sp500,add,XYZ
2026-01-07,sp500,add,FANG
2026-01-07,sp500,add,EG
2026-01-07,sp500,add,XOM
2026-01-07,sp500,add,WMT
2026-01-07,sp500,add,ORCL
2026-01-07,sp500,add,WBD
2026-01-07,sp500,add,MAA
2026-01-07,sp500,add,CMI
2026-01-07,sp500,add,ETR
2026-01-07,sp500,add,SRE
2026-01-07,sp500,add,LULU
2026-01-07,sp500,add,MCK
2026-01-07,sp500,add,DDOG
2026-01-07,sp500,add,PLD
2026-01-07,sp500,add,BLK
2026-01-07,sp500,add,PNW
2026-01-07,sp500,add,EIX
2026-01-07,sp500,add,HAL
2026-01-07,sp500,add,WYNN
2026-01-07,sp500,add,DXCM
2026-01-07,sp500,add,HBAN
2026-01-07,sp500,add,INTU
2026-01-07,sp500,add,PSA
2026-01-07,sp500,add,JPM
2026-01-07,sp500,add,SJM
2026-01-07,sp500,add,DOW
2026-01-07,sp500,add,HPE
2026-01-07,sp500,add,WAB
2026-01-07,sp500,add,CME
2026-01-07,sp500,add,TSN
2026-01-07,sp500,add,EA
2026-01-07,sp500,add,BAC
2026-01-07,sp500,add,BKR
2026-01-07,sp500,add,MS
2026-01-07,sp500,add,ETN
2026-01-07,sp500,add,IT
2026-01-07,sp500,add,CEG
2026-01-07,sp500,add,GDDY
2026-01-07,sp500,add,SNA
2026-01-07,sp500,add,ISRG
2026-01-07,sp500,add,HSY
2026-01-07,sp500,add,MMM
2026-01-07,sp500,add,SHW
2026-01-07,sp500,add,EQIX
2026-01-07,sp500,add,TXT
2026-01-07,sp500,add,CARR
2026-01-07,sp500,add,APA
2026-01-07,sp500,add,CHD
2026-01-07,sp500,add,IRM
2026-01-07,sp500,add,COIN
2026-01-07,sp500,add,CSX
2026-01-07,sp500,add,BALL
2026-01-07,sp500,add,SYK
2026-01-07,sp500,add,CFG
2026-01-07,sp500,add,WMB
2026-01-07,sp500,add,CPB
2026-01-07,sp500,add,EBAY
2026-01-07,sp500,add,PODD
2026-01-07,sp500,add,ESS
2026-01-07,sp500,add,PNR
2026-01-07,sp500,add,LYB
2026-01-07,sp500,add,HON
2026-01-07,sp500,add,NWS
2026-01-07,sp500,add,TPR
2026-01-07,sp500,add,UDR
2026-01-07,sp500,add,MSI
2026-01-07,sp500,add,KEYS
2026-01-07,sp500,add,VRTX
2026-01-07,sp500,add,BX
2026-01-07,sp500,add,TRMB
2026-01-07,sp500,add,MPWR
2026-01-07,sp500,add,BK
2026-01-07,sp500,add,CTRA
2026-01-07,sp500,add,JBHT
2026-01-07,sp500,add,TSCO
2026-01-07,sp500,add,APD
2026-01-07,sp500,add,PLTR
2026-01-07,sp500,add,EQT
2026-01-07,sp500,add,NUE
2026-01-07,sp500,add,DAL
2026-01-07,sp500,add,GWW
2026-01-07,sp500,add,AES
2026-01-07,sp500,add,EME
2026-01-07,sp500,add,PRU
2026-01-07,sp500,add,ABT
2026-01-07,sp500,add,EW
2026-01-07,sp500,add,AZO
2026-01-07,sp500,add,DVA
2026-01-07,sp500,add,YUM
2026-01-07,sp500,add,ROST
2026-01-07,sp500,add,PPG
2026-01-07,sp500,add,JBL
2026-01-07,sp500,add,ICE
2026-01-07,sp500,add,WRB
2026-01-07,sp500,add,BG
2026-01-07,sp500,add,ADBE
2026-01-07,sp500,add,ECL
2026-01-07,sp500,add,CVS
2026-01-07,sp500,add,ADM
2026-01-07,sp500,add,ALGN
2026-01-07,sp500,add,BEN
2026-01-07,sp500,add,AIZ
2026-01-07,sp500,add,LMT
2026-01-07,sp500,add,MKC
2026-01-07,sp500,add,AMP
2026-01-07,sp500,add,RMD
2026-01-07,sp500,add,EXC
2026-01-07,sp500,add,REG
2026-01-07,sp500,add,DLTR
2026-01-07,sp500,add,ADI
2026-01-07,sp500,add,USB
2026-01-07,sp500,add,FICO
2026-01-07,sp500,add,AEP
2026-01-07,sp500,add,BDX
2026-01-07,sp500,add,IR
2026-01-07,sp500,add,KKR
2026-01-07,sp500,add,ACN
2026-01-07,sp500,add,CCL
2026-01-07,sp500,add,GRMN
2026-01-07,sp500,add,REGN
2026-01-07,sp500,add,VMC
2026-01-07,sp500,add,FE
2026-01-07,sp500,add,COP
2026-01-07,sp500,add,LDOS
2026-01-07,sp500,add,GLW
2026-01-07,sp500,add,BLDR
2026-01-07,sp500,add,EL
2026-01-07,sp500,add,UHS
2026-01-07,sp500,add,STX
2026-01-07,sp500,add,ERIE
2026-01-07,sp500,add,MO
2026-01-07,sp500,add,EXPE
2026-01-07,sp500,add,DPZ
2026-01-07,sp500,add,LHX
2026-01-07,sp500,add,TDY
2026-01-07,sp500,add,RTX
2026-01-07,sp500,add,APP
2026-01-07,sp500,add,Q
2026-01-07,sp500,add,GM
2026-01-07,sp500,add,FTV
2026-01-07,sp500,add,SO
2026-01-07,sp500,add,D
2026-01-07,sp500,add,KDP
2026-01-07,sp500,add,SMCI
2026-01-07,sp500,add,JKHY
2026-01-07,sp500,add,HWM
2026-01-07,sp500,add,CBRE
2026-01-07,sp500,add,HCA
2026-01-07,sp500,add,ADP
2026-01-07,sp500,add,GEN
2026-01-07,sp500,add,AKAM
2026-01-07,sp500,add,PCAR
2026-01-07,sp500,add,ON
2026-01-07,sp500,add,CMCSA
2026-01-07,sp500,add,FRT
2026-01-07,sp500,add,DGX
2026-01-07,sp500,add,PFG
2026-01-07,sp500,add,WM
2026-01-07,sp500,add,VLTO
2026-01-07,sp500,add,WTW
2026-01-07,sp500,add,FFIV
2026-01-07,sp500,add,UPS
2026-01-07,sp500,add,MAR
2026-01-07,sp500,add,HD
2026-01-07,sp500,add,LVS
2026-01-07,sp500,add,MSFT
2026-01-07,sp500,add,MNST
2026-01-07,sp500,add,BF.B
2026-01-07,sp500,add,F
2026-01-07,sp500,add,UBER
2026-01-07,sp500,add,LII
2026-01-07,sp500,add,ROK
2026-01-07,sp500,add,TROW
2026-01-07,sp500,add,AMCR
2026-01-07,sp500,add,SCHW
2026-01-07,sp500,add,ATO
2026-01-07,sp500,add,-
2026-01-07,sp500,add,AAPL
2026-01-07,sp500,add,HLT
2026-01-07,sp500,add,WAT
2026-01-07,sp500,add,LUV
2026-01-07,sp500,add,CTSH
2026-01-07,sp500,add,GEHC
2026-01-07,sp500,add,NFLX
2026-01-07,sp500,add,PSX
2026-01-07,sp500,add,WY
2026-01-07,sp500,add,A
2026-01-07,sp500,add,FCX
2026-01-07,sp500,add,NTAP
2026-01-07,sp500,add,OTIS
2026-01-07,sp500,add,COR
2026-01-07,sp500,add,CTAS
2026-01-07,sp500,add,HPQ
2026-01-07,sp500,add,AME
2026-01-07,sp500,add,BRO
2026-01-07,sp500,add,PNC
2026-01-07,sp500,add,IEX
2026-01-07,sp500,add,CSGP
2026-01-07,sp500,add,RSG
2026-01-07,sp500,add,TMO
2026-01-07,sp500,add,WELL
2026-01-07,sp500,add,BMY
2026-01-07,sp500,add,FIS
2026-01-07,sp500,add,EXE
2026-01-07,sp500,add,NOC
2026-01-07,sp500,add,PSKY
2026-01-07,sp500,add,GS
2026-01-07,sp500,add,UAL
2026-01-07,sp500,add,PPL
2026-01-07,sp500,add,GNRC
2026-01-07,sp500,add,CAG
2026-01-07,sp500,add,ABNB
2026-01-07,sp500,add,RVTY
2026-01-07,sp500,add,C
2026-01-07,sp500,add,BAX
2026-01-07,sp500,add,DOC
2026-01-07,sp500,add,IBM
2026-01-07,sp500,add,SWK
2026-01-07,sp500,add,META
2026-01-07,sp500,add,AIG
2026-01-07,sp500,add,DVN
2026-01-07,sp500,add,KO
2026-01-07,sp500,add,DIS
2026-01-07,sp500,add,GEV
2026-01-07,sp500,add,SW
2026-01-07,sp500,add,CPAY
2026-01-07,sp500,add,EPAM
2026-01-07,sp500,add,DTE
2026-01-07,sp500,add,ADSK
2026-01-07,sp500,add,PAYC
2026-01-07,sp500,add,ULTA
2026-01-07,sp500,add,HRL
2026-01-07,sp500,add,MTB
2026-01-07,sp500,add,KVUE
2026-01-07,sp500,add,ELV
2026-01-07,sp500,add,AWK
2026-01-07,sp500,add,CDNS
2026-01-07,sp500,add,PAYX
2026-01-07,sp500,add,ES
2026-01-07,sp500,add,CNC
2026-01-07,sp500,add,DRI
2026-01-07,sp500,add,O
2026-01-07,sp500,add,GIS
2026-01-07,sp500,add,BIIB
2026-01-07,sp500,add,VRSK
2026-01-07,sp500,add,TEL
2026-01-07,sp500,add,TTD
2026-01-07,sp500,add,SPGI
2026-01-07,sp500,add,CSCO
2026-01-07,sp500,add,NOW
2026-01-07,sp500,add,IFF
2026-01-07,sp500,add,TJX
2026-01-07,sp500,add,ODFL
2026-01-07,sp500,add,MCD
2026-01-07,sp500,add,GE
2026-01-07,sp500,add,MMC
2026-01-07,sp500,add,MA
2026-01-07,sp500,add,EQR
2026-01-07,sp500,add,PTC
2026-01-07,sp500,add,MLM
2026-01-07,sp500,add,CHRW
2026-01-07,sp500,add,CRWD
2026-01-07,sp500,add,VICI
2026-01-07,sp500,add,VTR
2026-01-07,sp500,add,AON
2026-01-07,sp500,add,DUK
2026-01-07,sp500,add,WFC
2026-01-07,sp500,add,TDG
2026-01-07,sp500,add,AXON
2026-01-07,sp500,add,KEY
2026-01-07,sp500,add,AVB
2026-01-07,sp500,add,CLX
2026-01-07,sp500,add,AMZN
2026-01-07,sp500,add,LW
2026-01-07,sp500,add,TT
2026-01-07,sp500,add,TRV
2026-01-07,sp500,add,GOOGL
2026-01-07,sp500,add,WST
2026-01-07,sp500,add,OXY
2026-01-07,sp500,add,NRG
2026-01-07,sp500,add,UNH
2026-01-07,sp500,add,CBOE
2026-01-07,sp500,add,TPL
2026-01-07,sp500,add,FAST
2026-01-07,sp500,add,BA
2026-01-07,sp500,add,GPN
2026-01-07,sp500,add,AFL
2026-01-07,sp500,add,NEE
2026-01-07,sp500,add,POOL
2026-01-07,sp500,add,CTVA
2026-01-07,sp500,add,CINF
2026-01-07,sp500,add,PKG
2026-01-07,sp500,add,PEP
2026-01-07,sp500,add,NWSA
2026-01-07,sp500,add,FTNT
2026-01-07,sp500,add,MTCH
2026-01-07,sp500,add,ANET
2026-01-07,sp500,add,ZBH
2026-01-07,sp500,add,AVY
2026-01-07,sp500,add,J
2026-01-07,sp500,add,DAY
2026-01-07,sp500,add,ALB
2026-01-07,sp500,add,HUM
2026-01-07,sp500,add,APTV
2026-01-07,sp500,add,COST
2026-01-07,sp500,add,MTD
2026-01-07,sp500,add,IP
2026-01-07,sp500,add,CAH
2026-01-07,sp500,add,SNDK
2026-01-07,sp500,add,CCI
2026-01-07,sp500,add,APH
2026-01-07,sp500,add,KR
2026-01-07,sp500,add,COO
2026-01-07,sp500,add,TYL
2026-01-07,sp500,add,NVDA
2026-01-07,sp500,add,QCOM
2026-01-07,sp500,add,URI
2026-01-07,sp500,add,CMS
2026-01-07,sp500,add,HIG
2026-01-07,sp500,add,STZ
2026-01-07,sp500,add,CVX
2026-01-07,sp500,add,IBKR
2026-01-07,sp500,add,DASH
2026-01-07,sp500,add,PYPL
2026-01-07,sp500,add,NDAQ
2026-01-07,sp500,add,CL
2026-01-07,sp500,add,RCL
2026-01-07,sp500,add,SYY
2026-01-07,sp500,add,PGR
2026-01-07,sp500,add,DECK
2026-01-07,sp500,add,DELL
2026-01-07,sp500,add,DHR
2026-01-07,sp500,add,KLAC
2026-01-07,sp500,add,TGT
2026-01-07,sp500,add,TRGP
2026-01-07,sp500,add,ZBRA
2026-01-07,sp500,add,MET
2026-01-07,sp500,add,RF
2026-01-07,sp500,add,CNP
2026-01-07,sp500,add,EOG
2026-01-07,sp500,add,MSCI
2026-01-07,sp500,add,MRNA
2026-01-07,sp500,add,SYF
2026-01-07,sp500,add,IDXX
2026-01-07,sp500,add,HAS
2026-01-07,sp500,add,PANW
2026-01-07,sp500,add,CI
2026-01-07,sp500,add,PHM
2026-01-07,sp500,add,PEG
2026-01-07,sp500,add,BRK.B
2026-01-07,sp500,add,MU
2026-01-07,sp500,add,INCY
2026-01-07,sp500,add,DHI
2026-01-07,sp500,add,FOXA
2026-01-07,sp500,add,FDS
2026-01-07,sp500,add,FOX
2026-01-07,sp500,add,SBAC
2026-01-07,sp500,add,AMGN
2026-01-07,sp500,add,CPT
2026-01-07,sp500,add,MRK
2026-01-07,sp500,add,EXPD
2026-01-07,sp500,add,VTRS
2026-01-07,sp500,add,AMT
2026-01-07,sp500,add,ROL
2026-01-07,sp500,add,AMD
2026-01-07,sp500,add,COF
2026-01-07,sp500,add,IQV
2026-01-07,sp500,add,ED
2026-01-07,sp500,add,XYL
2026-01-07,sp500,add,CDW
2026-01-07,sp500,add,MGM
2026-01-07,sp500,add,TER
2026-01-07,sp500,add,MCHP
2026-01-07,sp500,add,V
2026-01-07,sp500,add,DG
2026-01-07,sp500,add,SNPS
2026-01-07,sp500,add,CRM
2026-01-07,sp500,add,ALLE
2026-01-07,sp500,add,VZ
2026-01-07,sp500,add,AXP
2026-01-07,sp500,add,TSLA
2026-01-07,sp500,add,AEE
2026-01-07,sp500,add,OKE
2026-01-07,sp500,add,STE
2026-01-07,sp500,add,HOLX
2026-01-07,sp500,add,BKNG
2026-01-07,sp500,add,LIN
2026-01-07,sp500,add,OMC
2026-01-07,sp500,add,ARE
2026-01-07,sp500,add,HUBB
2026-01-07,sp500,add,VRSN
2026-01-07,sp500,add,PFE
2026-01-07,sp500,add,FIX
2026-01-07,sp500,add,CAT
2026-01-07,sp500,add,ARES
2026-01-07,sp500,add,ORLY
2026-01-07,sp500,add,RL
2026-01-07,sp500,add,FDX
2026-01-07,sp500,add,SLB
2026-01-07,sp500,add,APO
2026-01-07,sp500,add,FSLR
2026-01-07,sp500,add,XEL
2026-01-07,sp500,add,TFC
2026-01-07,sp500,add,VLO
2026-01-07,sp500,add,LH
2026-01-07,sp500,add,UNP
2026-01-07,sp500,add,TAP
2026-01-07,sp500,add,GILD
2026-01-07,sp500,add,STT
2026-01-07,sp500,add,TKO
2026-01-07,sp500,add,WDAY
2026-01-07,sp500,add,BXP
2026-01-07,sp500,add,TXN
2026-01-07,sp500,add,DD
2026-01-07,sp500,add,AJG
2026-01-07,sp500,add,WEC
2026-01-07,sp500,add,CHTR
2026-01-07,sp500,add,HOOD
2026-01-07,sp500,add,WDC
2026-01-07,sp500,add,FISV
2026-01-07,sp500,add,KHC
2026-01-07,sp500,add,LEN
2026-01-07,sp500,add,ALL
2026-01-07,sp500,add,NKE
2026-01-07,sp500,add,PCG
2026-01-07,sp500,add,IVZ
2026-01-07,sp500,add,PWR
2026-01-07,sp500,add,PH
2026-01-07,sp500,add,SWKS
2026-01-07,sp500,add,CPRT
2026-01-07,sp500,add,MDLZ
2026-01-07,sp500,add,CRL
2026-01-07,sp500,add,GOOG
2026-01-07,sp500,add,MDT
2026-01-07,sp500,add,KIM
2026-01-07,sp500,add,NSC
2026-01-07,sp500,add,RJF
2026-01-07,sp500,add,MOS
2026-01-07,sp500,add,ACGL
2026-01-07,sp500,add,NXPI
2026-01-07,sp500,add,PG
2026-01-07,sp500,add,T
2026-01-07,sp500,add,KMI
2026-01-07,sp500,add,BR
2026-01-07,sp500,add,DOV
2026-01-07,sp500,add,BBY
2026-01-07,sp500,add,AVGO
2026-01-07,sp500,add,CRH
2026-01-07,sp500,add,CF
2026-01-07,sp500,add,GPC
2026-01-07,sp500,add,AOS
2026-01-07,sp500,add,BSX
2026-01-07,sp400,add,LAD
2026-01-07,sp400,add,WMG
2026-01-07,sp400,add,CNH
2026-01-07,sp400,add,KNF
2026-01-07,sp400,add,FR
2026-01-07,sp400,add,BKH
2026-01-07,sp400,add,MSA
2026-01-07,sp400,add,AN
2026-01-07,sp400,add,BBWI
2026-01-07,sp400,add,FLR
2026-01-07,sp400,add,LNTH
2026-01-07,sp400,add,DAR
2026-01-07,sp400,add,CNX
2026-01-07,sp400,add,FNB
2026-01-07,sp400,add,PVH
2026-01-07,sp400,add,BLD
2026-01-07,sp400,add,MTG
2026-01-07,sp400,add,GHC
2026-01-07,sp400,add,JEF
2026-01-07,sp400,add,CHWY
2026-01-07,sp400,add,ATR
2026-01-07,sp400,add,IRT
2026-01-07,sp400,add,ORA
2026-01-07,sp400,add,CAVA
2026-01-07,sp400,add,NVT
2026-01-07,sp400,add,HXL
2026-01-07,sp400,add,LSCC
2026-01-07,sp400,add,OVV
2026-01-07,sp400,add,HLNE
2026-01-07,sp400,add,CMC
2026-01-07,sp400,add,RPM
2026-01-07,sp400,add,FLO
2026-01-07,sp400,add,POR
2026-01-07,sp400,add,GTLS
2026-01-07,sp400,add,DY
2026-01-07,sp400,add,PEN
2026-01-07,sp400,add,FYBR
2026-01-07,sp400,add,HOMB
2026-01-07,sp400,add,FHI
2026-01-07,sp400,add,MORN
2026-01-07,sp400,add,CR
2026-01-07,sp400,add,NOVT
2026-01-07,sp400,add,SIGI
2026-01-07,sp400,add,ROIV
2026-01-07,sp400,add,VNT
2026-01-07,sp400,add,SAIC
2026-01-07,sp400,add,BRX
2026-01-07,sp400,add,CYTK
2026-01-07,sp400,add,ITT
2026-01-07,sp400,add,CIEN
2026-01-07,sp400,add,NEU
2026-01-07,sp400,add,UNM
2026-01-07,sp400,add,PAG
2026-01-07,sp400,add,AVNT
2026-01-07,sp400,add,ATI
2026-01-07,sp400,add,AXTA
2026-01-07,sp400,add,CCK
2026-01-07,sp400,add,XRAY
2026-01-07,sp400,add,FFIN
2026-01-07,sp400,add,SLGN
2026-01-07,sp400,add,WPC
2026-01-07,sp400,add,STRL
2026-01-07,sp400,add,MSM
2026-01-07,sp400,add,IPGP
2026-01-07,sp400,add,VNOM
2026-01-07,sp400,add,EVR
2026-01-07,sp400,add,BWA
2026-01-07,sp400,add,AR
2026-01-07,sp400,add,AA
2026-01-07,sp400,add,CUBE
2026-01-07,sp400,add,HGV
2026-01-07,sp400,add,OZK
2026-01-07,sp400,add,KTOS
2026-01-07,sp400,add,ENTG
2026-01-07,sp400,add,TWLO
2026-01-07,sp400,add,SR
2026-01-07,sp400,add,WTFC
2026-01-07,sp400,add,EXEL
2026-01-07,sp400,add,SYNA
2026-01-07,sp400,add,COLM
2026-01-07,sp400,add,GPK
2026-01-07,sp400,add,RGA
2026-01-07,sp400,add,COTY
2026-01-07,sp400,add,MUSA
2026-01-07,sp400,add,DT
2026-01-07,sp400,add,EWBC
2026-01-07,sp400,add,CBSH
2026-01-07,sp400,add,TMHC
2026-01-07,sp400,add,CACI
2026-01-07,sp400,add,R
2026-01-07,sp400,add,SHC
2026-01-07,sp400,add,THO
2026-01-07,sp400,add,BCO
2026-01-07,sp400,add,FBIN
2026-01-07,sp400,add,VFC
2026-01-07,sp400,add,KRC
2026-01-07,sp400,add,GLPI
2026-01-07,sp400,add,ELS
2026-01-07,sp400,add,WING
2026-01-07,sp400,add,COKE
2026-01-07,sp400,add,NYT
2026-01-07,sp400,add,THG
2026-01-07,sp400,add,BDC
2026-01-07,sp400,add,SON
2026-01-07,sp400,add,M
2026-01-07,sp400,add,LPX
2026-01-07,sp400,add,MUR
2026-01-07,sp400,add,SLAB
2026-01-07,sp400,add,SWX
2026-01-07,sp400,add,EQH
2026-01-07,sp400,add,CROX
2026-01-07,sp400,add,OC
2026-01-07,sp400,add,ONB
2026-01-07,sp400,add,PR
2026-01-07,sp400,add,KNSL
2026-01-07,sp400,add,JLL
2026-01-07,sp400,add,NXT
2026-01-07,sp400,add,MANH
2026-01-07,sp400,add,WH
2026-01-07,sp400,add,CBT
2026-01-07,sp400,add,SFM
2026-01-07,sp400,add,INGR
2026-01-07,sp400,add,OGE
2026-01-07,sp400,add,ELAN
2026-01-07,sp400,add,POST
2026-01-07,sp400,add,MASI
2026-01-07,sp400,add,TEX
2026-01-07,sp400,add,EXP
2026-01-07,sp400,add,APG
2026-01-07,sp400,add,CHRD
2026-01-07,sp400,add,RYN
2026-01-07,sp400,add,BAH
2026-01-07,sp400,add,DLB
2026-01-07,sp400,add,GWRE
2026-01-07,sp400,add,FN
2026-01-07,sp400,add,LSTR
2026-01-07,sp400,add,ALLY
2026-01-07,sp400,add,STAG
2026-01-07,sp400,add,VAL
2026-01-07,sp400,add,MEDP
2026-01-07,sp400,add,HAE
2026-01-07,sp400,add,PINS
2026-01-07,sp400,add,CART
2026-01-07,sp400,add,MMS
2026-01-07,sp400,add,CHH
2026-01-07,sp400,add,WTRG
2026-01-07,sp400,add,CNM
2026-01-07,sp400,add,ARW
2026-01-07,sp400,add,HALO
2026-01-07,sp400,add,PB
2026-01-07,sp400,add,RBC
2026-01-07,sp400,add,ALGM
2026-01-07,sp400,add,FND
2026-01-07,sp400,add,MLI
2026-01-07,sp400,add,CNXC
2026-01-07,sp400,add,AVAV
2026-01-07,sp400,add,ORI
2026-01-07,sp400,add,CELH
2026-01-07,sp400,add,OLLI
2026-01-07,sp400,add,VC
2026-01-07,sp400,add,CDP
2026-01-07,sp400,add,SSB
2026-01-07,sp400,add,ESAB
2026-01-07,sp400,add,CRUS
2026-01-07,sp400,add,BRBR
2026-01-07,sp400,add,USFD
2026-01-07,sp400,add,TREX
2026-01-07,sp400,add,RYAN
2026-01-07,sp400,add,EPR
2026-01-07,sp400,add,BWXT
2026-01-07,sp400,add,TTEK
2026-01-07,sp400,add,ULS
2026-01-07,sp400,add,FCFS
2026-01-07,sp400,add,SNX
2026-01-07,sp400,add,ACI
2026-01-07,sp400,add,G
2026-01-07,sp400,add,SF
2026-01-07,sp400,add,LITE
2026-01-07,sp400,add,HWC
2026-01-07,sp400,add,AAON
2026-01-07,sp400,add,OGS
2026-01-07,sp400,add,LIVN
2026-01-07,sp400,add,CLF
2026-01-07,sp400,add,TTC
2026-01-07,sp400,add,RBA
2026-01-07,sp400,add,WFRD
2026-01-07,sp400,add,PSTG
2026-01-07,sp400,add,TCBI
2026-01-07,sp400,add,UTHR
2026-01-07,sp400,add,GMED
2026-01-07,sp400,add,MTDR
2026-01-07,sp400,add,LECO
2026-01-07,sp400,add,PCH
2026-01-07,sp400,add,SGI
2026-01-07,sp400,add,PSN
2026-01-07,sp400,add,GXO
2026-01-07,sp400,add,OPCH
2026-01-07,sp400,add,CRS
2026-01-07,sp400,add,RNR
2026-01-07,sp400,add,BLKB
2026-01-07,sp400,add,RS
2026-01-07,sp400,add,GT
2026-01-07,sp400,add,HR
2026-01-07,sp400,add,WCC
2026-01-07,sp400,add,AIT
2026-01-07,sp400,add,AFG
2026-01-07,sp400,add,SSD
2026-01-07,sp400,add,AAL
2026-01-07,sp400,add,VLY
2026-01-07,sp400,add,MAT
2026-01-07,sp400,add,CG
2026-01-07,sp400,add,ACM
2026-01-07,sp400,add,NXST
2026-01-07,sp400,add,AMKR
2026-01-07,sp400,add,RRX
2026-01-07,sp400,add,AYI
2026-01-07,sp400,add,IBOC
2026-01-07,sp400,add,BURL
2026-01-07,sp400,add,XPO
2026-01-07,sp400,add,CW
2026-01-07,sp400,add,AVT
2026-01-07,sp400,add,WLK
2026-01-07,sp400,add,KNX
2026-01-07,sp400,add,CASY
2026-01-07,sp400,add,RGEN
2026-01-07,sp400,add,GAP
2026-01-07,sp400,add,FLS
2026-01-07,sp400,add,LOPE
2026-01-07,sp400,add,ONTO
2026-01-07,sp400,add,CLH
2026-01-07,sp400,add,PBF
2026-01-07,sp400,add,TXRH
2026-01-07,sp400,add,CAR
2026-01-07,sp400,add,DOCS
2026-01-07,sp400,add,OKTA
2026-01-07,sp400,add,CASH_USD
2026-01-07,sp400,add,DCI
2026-01-07,sp400,add,HQY
2026-01-07,sp400,add,VOYA
2026-01-07,sp400,add,CIVI
2026-01-07,sp400,add,WEX
2026-01-07,sp400,add,ASH
2026-01-07,sp400,add,EXLS
2026-01-07,sp400,add,KBH
2026-01-07,sp400,add,KMPR
2026-01-07,sp400,add,CHE
2026-01-07,sp400,add,GBCI
2026-01-07,sp400,add,CGNX
2026-01-07,sp400,add,AVTR
2026-01-07,sp400,add,DTM
2026-01-07,sp400,add,CNO
2026-01-07,sp400,add,BJ
2026-01-07,sp400,add,PPC
2026-01-07,sp400,add,PLNT
2026-01-07,sp400,add,DKS
2026-01-07,sp400,add,AM
2026-01-07,sp400,add,GEF
2026-01-07,sp400,add,PNFP
2026-01-07,sp400,add,KD
2026-01-07,sp400,add,MZTI
2026-01-07,sp400,add,CSL
2026-01-07,sp400,add,MIDD
2026-01-07,sp400,add,NWE
2026-01-07,sp400,add,CFR
2026-01-07,sp400,add,APPF
2026-01-07,sp400,add,HOG
2026-01-07,sp400,add,PFGC
2026-01-07,sp400,add,FIVE
2026-01-07,sp400,add,BILL
2026-01-07,sp400,add,ASB
2026-01-07,sp400,add,FNF
2026-01-07,sp400,add,SAM
2026-01-07,sp400,add,PATH
2026-01-07,sp400,add,WTS
2026-01-07,sp400,add,MTZ
2026-01-07,sp400,add,ASGN
2026-01-07,sp400,add,CADE
2026-01-07,sp400,add,ILMN
2026-01-07,sp400,add,LAMR
2026-01-07,sp400,add,FLG
2026-01-07,sp400,add,ELF
2026-01-07,sp400,add,ALK
2026-01-07,sp400,add,VNO
2026-01-07,sp400,add,EEFT
2026-01-07,sp400,add,NTNX
2026-01-07,sp400,add,UGI
2026-01-07,sp400,add,GTM
2026-01-07,sp400,add,ZION
2026-01-07,sp400,add,BMRN
2026-01-07,sp400,add,NLY
2026-01-07,sp400,add,PCTY
2026-01-07,sp400,add,PK
2026-01-07,sp400,add,BHF
2026-01-07,sp400,add,SATS
2026-01-07,sp400,add,MTSI
2026-01-07,sp400,add,VVV
2026-01-07,sp400,add,LFUS
2026-01-07,sp400,add,AMH
2026-01-07,sp400,add,FTI
2026-01-07,sp400,add,WMS
2026-01-07,sp400,add,TNL
2026-01-07,sp400,add,TXNM
2026-01-07,sp400,add,TLN
2026-01-07,sp400,add,CHDN
2026-01-07,sp400,add,BIO
2026-01-07,sp400,add,TRU
2026-01-07,sp400,add,GNTX
2026-01-07,sp400,add,SBRA
2026-01-07,sp400,add,BRKR
2026-01-07,sp400,add,WBS
2026-01-07,sp400,add,UFPI
2026-01-07,sp400,add,DOCU
2026-01-07,sp400,add,NVST
2026-01-07,sp400,add,HL
2026-01-07,sp400,add,ESNT
2026-01-07,sp400,add,BC
2026-01-07,sp400,add,PRI
2026-01-07,sp400,add,HLI
2026-01-07,sp400,add,COLB
2026-01-07,sp400,add,NOV
2026-01-07,sp400,add,DBX
2026-01-07,sp400,add,YETI
2026-01-07,sp400,add,BYD
2026-01-07,sp400,add,DINO
2026-01-07,sp400,add,PEGA
2026-01-07,sp400,add,MTN
2026-01-07,sp400,add,RLI
2026-01-07,sp400,add,BSY
2026-01-07,sp400,add,GGG
2026-01-07,sp400,add,WSO
2026-01-07,sp400,add,FOUR
2026-01-07,sp400,add,PII
2026-01-07,sp400,add,JHG
2026-01-07,sp400,add,SCI
2026-01-07,sp400,add,KBR
2026-01-07,sp400,add,SLM
2026-01-07,sp400,add,SEIC
2026-01-07,sp400,add,UBSI
2026-01-07,sp400,add,ANF
2026-01-07,sp400,add,NJR
2026-01-07,sp400,add,NNN
2026-01-07,sp400,add,LEA
2026-01-07,sp400,add,VMI
2026-01-07,sp400,add,WAL
2026-01-07,sp400,add,CMA
2026-01-07,sp400,add,AGCO
2026-01-07,sp400,add,QLYS
2026-01-07,sp400,add,RH
2026-01-07,sp400,add,ARMK
2026-01-07,sp400,add,H
2026-01-07,sp400,add,COHR
2026-01-07,sp400,add,IDA
2026-01-07,sp400,add,ENSG
2026-01-07,sp400,add,MP
2026-01-07,sp400,add,CVLT
2026-01-07,sp400,add,WHR
2026-01-07,sp400,add,CXT
2026-01-07,sp400,add,SMG
2026-01-07,sp400,add,OHI
2026-01-07,sp400,add,HRB
2026-01-07,sp400,add,DUOL
2026-01-07,sp400,add,SAIA
2026-01-07,sp400,add,EXPO
2026-01-07,sp400,add,ENS
2026-01-07,sp400,add,NFG
2026-01-07,sp400,add,OSK
2026-01-07,sp400,add,OLN
2026-01-07,sp400,add,FCN
2026-01-07,sp400,add,THC
2026-01-07,sp400,add,GATX
2026-01-07,sp400,add,EGP
2026-01-07,sp400,add,RGLD
2026-01-07,sp400,add,FHN
2026-01-07,sp400,add,ALV
2026-01-07,sp400,add,UMBF
2026-01-07,sp400,add,MKSI
2026-01-07,sp400,add,EHC
2026-01-07,sp400,add,OLED
2026-01-07,sp400,add,CUZ
2026-01-07,sp400,add,ADC
2026-01-07,sp400,add,REXR
2026-01-07,sp400,add,STWD
2026-01-07,sp400,add,TOL
2026-01-07,sp400,add,FAF
2026-01-07,sp400,add,NBIX
2026-01-07,sp400,add,SPXC
2026-01-07,sp400,add,KRG
2026-01-07,sp400,add,NSA
2026-01-07,sp400,add,KEX
2026-01-07,sp400,add,FLEX
2026-01-07,sp400,add,TKR
2026-01-07,sp400,add,CPRI
2026-01-07,sp400,add,RRC
2026-01-07,sp400,add,GME
2026-01-07,sp400,add,AMG
2026-01-07,sp400,add,HIMS
2026-01-07,sp400,add,RMBS
2026-01-07,sp400,add,CRBG
2026-01-07,sp400,add,ST
2026-01-07,sp400,add,JAZZ
2026-01-07,sp400,add,WWD
2026-01-07,megacap,add,XOM
2026-01-07,megacap,add,WMT
2026-01-07,megacap,add,BAC
2026-01-07,megacap,add,GE
2026-01-07,megacap,add,MA
2026-01-07,megacap,add,HD
2026-01-07,megacap,add,AMD
2026-01-07,megacap,add,MSFT
2026-01-07,megacap,add,JNJ
2026-01-07,megacap,add,PLTR
2026-01-07,megacap,add,V
2026-01-07,megacap,add,AMZN
2026-01-07,megacap,add,AAPL
2026-01-07,megacap,add,GOOGL
2026-01-07,megacap,add,AVGO
2026-01-07,megacap,add,TSLA
2026-01-07,megacap,add,COST
2026-01-07,megacap,add,LLY
2026-01-07,megacap,add,NFLX
2026-01-07,megacap,add,BRK.B
2026-01-07,megacap,add,JPM
2026-01-07,megacap,add,MU
2026-01-07,megacap,add,META
2026-01-07,megacap,add,ABBV
2026-01-07,megacap,add,NVDA
2026-01-13,megacap,add,ORCL
2026-01-13,megacap,drop,AMD
2026-01-14,megacap,add,AMD
2026-01-14,megacap,drop,ORCL
2026-01-16,sp500,add,MRSH
2026-01-16,sp500,drop,AMCR
2026-01-16,sp500,drop,MMC
2026-01-16,megacap,add,PG
2026-01-16,megacap,drop,GE
2026-01-20,sp500,add,AMCR
2026-01-23,sp400,drop,FYBR
